country,OECD,id,weight,sex,grade,computer,software,internet,addit_time_math,addit_time_science,parent_support,parent_status,want_best_grades,want_best_student,test_anxiety,enjoy_cooperation,sense_of_belonging,parent_support_emotional,HOMESCH,ENTUSE,ICTHOME,ICTSCH,wealth,parent_edu,learning_mins,escs_index,teacher_support_science,teacher_direct_science,inquiry_based_science,science_self_efficacy,math,reading,science,learning_hours,region
United States,Yes,84010767,758.8029,Female,10,Yes,Yes,Yes,1,2,Strongly agree,Strongly agree,Strongly agree,Strongly agree,0.8565,0.9455,0.4451,1.0991,NA,NA,NA,NA,2.1451,16,1500,1.4907,-0.4967,1.0203,-0.8538,-1.4044,432.3203,532.1277,480.1859,25,N. America
United States,Yes,84010299,688.4024,Male,10,No,Yes,Yes,9,11,Strongly agree,Agree,Strongly agree,Strongly agree,-0.4753,1.0425,-1.1955,-0.7498,NA,NA,NA,NA,-0.7076,16,NA,0.9355,0.8213,0.9477,1.7946,3.2775,497.9488,541.5056,531.9534,NA,N. America
United States,Yes,84002440,609.7625,Female,10,Yes,Yes,No,6,6,Strongly agree,Strongly disagree,Strongly agree,Strongly agree,-0.5388,0.5759,-0.9883,0.5658,NA,NA,NA,NA,-0.7871,12,1800,-0.6412,1.4475,0.4505,0.815,-0.0444,494.1969,569.8625,531.1022,30,N. America
United States,Yes,84004908,462.119,Female,10,Yes,Yes,Yes,2,1,Strongly agree,Strongly agree,Strongly agree,Strongly agree,1.7237,2.2879,-0.8616,1.0991,NA,NA,NA,NA,0.0963,12,1250,-0.7964,0.3028,2.0781,0.4523,-0.6714,323.2507,396.0673,385.5245,21,N. America
United States,Yes,84006044,823.227,Female,10,Yes,No,Yes,14,14,Strongly agree,Agree,Strongly agree,Strongly agree,-0.308,-0.2882,-0.3381,1.0991,NA,NA,NA,NA,0.0902,9,1750,-1.1057,0.9133,1.0322,0.2033,-0.0663,549.3543999999999,621.3314,647.9914,29,N. America
United States,Yes,84007890,471.5052,Male,10,Yes,Yes,Yes,4,1,Strongly agree,Disagree,Strongly agree,Strongly agree,-0.2702,-0.2882,-0.3381,0.1018,NA,NA,NA,NA,-0.1562,16,1750,0.6283,1.4475,2.0781,0.9957,0.1559,578.9193,619.3272000000001,630.5215,29,N. America
United States,Yes,84010989,442.2352,Female,11,Yes,Yes,Yes,7,7,Strongly agree,Agree,Agree,Agree,0.5209,-0.2882,-0.3381,1.0991,NA,NA,NA,NA,-0.6334,14,NA,-0.3362,1.4475,-2.4476,1.8978,0.3155,475.55809999999997,519.0374,491.24879999999996,NA,N. America
United States,Yes,84005014,569.9708,Male,10,Yes,Yes,Yes,10,10,Strongly agree,Agree,Agree,Agree,0.2594,0.395,-0.3381,1.0991,NA,NA,NA,NA,0.1316,16,2700,0.8342,-0.7147,0.1354,0.2465,1.1689,620.2348,674.3907,678.7422,45,N. America
United States,Yes,84009123,587.6736,Male,10,Yes,Yes,Yes,19,19,Strongly agree,Strongly agree,Agree,Agree,0.5209,2.2879,-1.0781,1.0991,NA,NA,NA,NA,-1.0942,9,1950,-2.0499,1.4475,-2.4476,3.1829,-2.8771,368.6171,362.8421,365.198,32,N. America
United States,Yes,84009438,1129.268,Female,10,Yes,Yes,Yes,2,5,Strongly agree,Agree,Strongly agree,Strongly agree,1.181,-0.0077,-0.8913,0.5658,NA,NA,NA,NA,0.0255,16,NA,1.1702,0.141,0.2483,-0.3629,0.2968,427.6238,472.0794,457.6503,NA,N. America
United States,Yes,84006841,823.1104,Male,9,No,No,Yes,3,1,Strongly disagree,Agree,Strongly agree,Strongly agree,1.1311,-1.198,0.0048,-3.0789,NA,NA,NA,NA,-0.2304,9,1375,-1.6389,0.5458,-0.878,0.2797,0.7019,369.0593,397.0557,363.672,23,N. America
United States,Yes,84010567,833.4131,Female,11,Yes,Yes,Yes,5,5,Strongly agree,Disagree,Strongly agree,Strongly agree,0.1441,-0.2882,-1.2675,1.0991,NA,NA,NA,NA,1.0546,16,1980,1.1859,1.4475,0.2564,-0.0599,1.4469,617.2315,649.5751,632.5659,33,N. America
United States,Yes,84010543,559.9148,Female,10,Yes,Yes,Yes,5,3,Agree,Disagree,Agree,Disagree,-0.4331,0.9455,-0.2687,-0.889,NA,NA,NA,NA,0.7478,12,NA,-0.0329,1.4475,-2.4476,0.8818,2.3674,391.987,443.9985,386.3327,NA,N. America
United States,Yes,84007078,684.3726,Female,11,Yes,Yes,Yes,4,2,Strongly agree,Agree,Agree,Agree,0.5175,-0.2882,-0.4838,0.3838,NA,NA,NA,NA,1.0992,16,1700,1.2793,-1.4838,-0.8671,-0.3863,0.693,593.604,611.2875,599.471,28,N. America
United States,Yes,84009425,540.2093,Female,9,Yes,Yes,Yes,3,3,Strongly agree,Agree,Strongly agree,Strongly agree,1.8135,0.4252,-0.5917,-0.1676,NA,NA,NA,NA,-0.4068,16,NA,-0.418,-0.8046,0.2483,-0.6415,0.9743,411.3353,446.3364,394.1619,NA,N. America
United States,Yes,84009649,632.2759,Male,10,No,No,No,4,4,Disagree,Agree,Agree,Agree,1.0461,-0.8088,-0.7768,-1.523,NA,NA,NA,NA,-1.4539,9,975,-1.3961,0.9133,0.4505,-0.121,-1.0524,350.7717,395.5892,420.6315,16,N. America
United States,Yes,84003557,550.9441,Male,10,Yes,Yes,Yes,5,5,Strongly agree,Agree,Strongly agree,Strongly agree,1.1311,1.5899,-0.9306,0.5658,NA,NA,NA,NA,0.4802,16,1500,1.2047,1.4475,1.1203,1.3447,0.3155,489.7044,523.2333,515.6393,25,N. America
United States,Yes,84001107,323.7735,Female,11,No,No,No,3,3,Agree,Disagree,Disagree,Disagree,0.5209,-0.2882,-0.7104,-1.6136,NA,NA,NA,NA,-1.2023,3,360,-2.9582,0.3574,2.0781,-0.053,-1.4068,381.2205,390.8535,387.58389999999997,6,N. America
United States,Yes,84005365,687.7847,Male,10,Yes,No,Yes,6,6,Strongly agree,Disagree,Strongly agree,Strongly agree,-1.0356,1.5899,1.0676,1.0991,NA,NA,NA,NA,0.3543,14,1800,0.5336,1.4475,2.0781,1.816,3.2775,551.1288,581.1327,623.2459,30,N. America
United States,Yes,84006966,536.9294,Male,10,Yes,Yes,Yes,10,10,Strongly agree,Agree,Strongly agree,Strongly agree,-0.6871,-0.2882,-0.3381,1.0991,NA,NA,NA,NA,0.3582,16,1700,1.1402,1.4475,1.4501,1.9953,0.3155,607.6573,633.4219,649.8045,28,N. America
United States,Yes,84000677,444.6248,Male,10,Yes,Yes,Yes,6,6,Strongly agree,Agree,Agree,Disagree,0.0752,0.9455,0.3998,1.0991,NA,NA,NA,NA,1.4798,12,NA,-0.511,-0.1164,-0.6102,-0.2985,0.3155,424.099,406.61220000000003,409.102,NA,N. America
United States,Yes,84003861,800.8494,Female,11,Yes,Yes,Yes,0,2,Strongly agree,Strongly agree,Strongly agree,Agree,2.5493,-1.0551,0.0048,0.3838,NA,NA,NA,NA,-0.6679,12,NA,-1.0876,1.4475,0.5064,0.6235,0.3183,495.5606,587.7234,484.8248,NA,N. America
United States,Yes,84007515,574.4648,Male,10,Yes,Yes,Yes,NA,NA,Strongly agree,Strongly agree,Strongly agree,Agree,0.2495,-0.2882,-0.3381,0.4662,NA,NA,NA,NA,-0.7563,16,NA,-0.5996,NA,NA,NA,NA,413.5515,381.2323,439.3173,NA,N. America
United States,Yes,84001351,970.767,Male,10,Yes,Yes,Yes,4,4,Agree,Agree,Agree,Agree,-0.4331,-0.7876,-0.3381,-1.6136,NA,NA,NA,NA,0.2189,16,2000,1.2772,-0.1655,0.4505,-0.3049,0.3124,639.1371,624.7144,683.7846999999999,33,N. America
United States,Yes,84006207,756.6293,Female,9,Yes,Yes,Yes,NA,NA,Strongly agree,Strongly agree,Agree,Disagree,-0.308,0.5759,-1.0536,0.1018,NA,NA,NA,NA,-0.1896,14,1125,0.0298,-1.6482,-1.7704,-1.0799,-2.8303,481.3365,494.0605,460.902,19,N. America
United States,Yes,84002960,678.7343,Female,10,No,No,No,2,2,Strongly agree,Agree,Strongly agree,Strongly agree,0.2754,0.5759,-0.0099,0.1018,NA,NA,NA,NA,-1.3008,16,NA,-0.106,-2.043,-1.0299,-0.8687,NA,426.7941,457.7687,385.88870000000003,NA,N. America
United States,Yes,84001897,1890.579,Male,10,Yes,No,Yes,8,13,Agree,Agree,Strongly agree,Strongly agree,-0.6871,-0.2882,-0.3381,-0.889,NA,NA,NA,NA,1.4606,12,2000,0.1469,-1.0718,0.4505,NA,0.3155,487.61,458.6741,457.3146,33,N. America
United States,Yes,84007772,680.967,Male,10,Yes,No,Yes,4,4,Agree,Agree,Disagree,Disagree,-0.9024,-0.2882,0.6642,-0.4263,NA,NA,NA,NA,0.9166,16,1575,0.9491,0.8213,0.2564,0.0656,-0.5518,527.4134,569.5677000000001,549.4852,26,N. America
United States,Yes,84003396,499.8131,Male,10,Yes,No,Yes,NA,NA,Strongly agree,Agree,Strongly agree,Strongly agree,-0.0836,-0.2882,-0.0099,-0.2495,NA,NA,NA,NA,-0.1036,16,2250,-0.692,0.3758,-0.6102,-1.2753,-0.7068,479.75390000000004,461.94870000000003,488.4015,38,N. America
United States,Yes,84005067,700.6619,Female,11,Yes,Yes,Yes,4,5,Strongly agree,Agree,Strongly agree,Strongly agree,0.2495,1.5604,-0.3381,0.1018,NA,NA,NA,NA,0.9976,9,1440,-1.2506,0.4326,1.4332,-0.3163,0.1631,514.2995999999999,593.6504,531.0657,24,N. America
United States,Yes,84001291,639.1052,Male,10,Yes,Yes,Yes,7,12,Strongly agree,Strongly agree,Agree,Strongly agree,0.7186,1.5604,-0.3381,1.0991,NA,NA,NA,NA,-0.0759,16,1400,0.8524,0.3028,2.0781,-0.0258,0.5008,572.474,545.7543000000001,543.8418,23,N. America
United States,Yes,84005505,599.8941,Male,10,Yes,Yes,Yes,30,30,Strongly agree,Strongly disagree,Strongly disagree,Agree,0.8425,-1.0917,0.1313,0.1018,NA,NA,NA,NA,-0.4251,12,1400,-1.0042,-0.1164,-0.6102,0.9452,0.3155,382.5048,354.83050000000003,364.8154,23,N. America
United States,Yes,84001939,632.2521,Male,10,Yes,Yes,Yes,1,1,Agree,Agree,Agree,Agree,-2.505,-0.2882,2.5915,-0.889,NA,NA,NA,NA,0.4219,16,1750,0.2978,1.4475,-1.7885,3.1829,3.2775,491.1165,509.68,511.63120000000004,29,N. America
United States,Yes,84008493,828.6094,Male,10,Yes,No,Yes,5,5,Strongly agree,Agree,Agree,Agree,-0.7766,0.9455,0.0745,0.1711,NA,NA,NA,NA,-0.2762,12,NA,-0.8317,1.4475,2.0781,1.007,1.0028,541.8026,581.3704,540.9085,NA,N. America
United States,Yes,84004044,511.319,Female,10,Yes,Yes,Yes,3,2,Strongly agree,Strongly agree,Strongly agree,Agree,1.3538,1.164,2.5915,1.0991,NA,NA,NA,NA,1.4798,9,NA,-0.8758,1.4475,0.658,1.1075,0.5391,358.9211,339.9761,339.3222,NA,N. America
United States,Yes,84001167,560.7597,Male,10,Yes,No,Yes,15,15,Agree,Agree,Agree,Agree,0.0647,0.395,-0.3381,-0.4263,NA,NA,NA,NA,1.8431,16,1650,0.8635,1.4475,1.4501,1.0505,3.2775,591.242,600.3462,607.61,28,N. America
United States,Yes,84001436,530.7948,Female,10,Yes,Yes,Yes,14,14,Agree,Strongly agree,Strongly agree,Strongly agree,0.3366,-1.198,-1.0894,-1.6136,NA,NA,NA,NA,1.0228,12,2220,-0.2253,1.4475,2.0781,0.2746,0.3155,502.166,484.1551,418.1604,37,N. America
United States,Yes,84010938,975.277,Male,10,Yes,No,Yes,3,3,Strongly agree,Disagree,Agree,Agree,-1.2232,0.395,1.0269,1.0991,NA,NA,NA,NA,1.244,16,1750,1.2812,1.4475,1.4332,0.3536,1.206,567.3642,555.3473,595.1793,29,N. America
United States,Yes,84001817,549.9551,Female,10,Yes,Yes,Yes,10,5,Strongly agree,Agree,Strongly agree,Strongly agree,1.3578,1.0205,0.4906,1.0991,NA,NA,NA,NA,1.4061,6,NA,-1.9322,-0.1164,-0.5756,1.6396,0.3155,352.45730000000003,403.5344,390.1078,NA,N. America
United States,Yes,84009751,669.7499,Male,11,Yes,Yes,Yes,4,2,Strongly agree,Disagree,Strongly agree,Strongly agree,0.9242,-0.618,-0.7104,-0.8863,NA,NA,NA,NA,0.9731,14,1875,0.4399,0.3758,0.5169,-0.7364,0.507,527.5687,641.4913,597.6211,31,N. America
United States,Yes,84005813,511.7165,Female,10,Yes,Yes,Yes,4,4,Strongly agree,Agree,Strongly agree,Agree,-0.1679,0.395,-0.3381,0.1018,NA,NA,NA,NA,0.4565,14,720,-0.2904,1.4475,-2.4476,3.1829,3.2775,384.7934,481.9989,459.4702,12,N. America
United States,Yes,84002326,572.7826,Male,10,Yes,Yes,Yes,3,1,Strongly agree,Agree,Strongly agree,Strongly agree,-2.505,2.2879,-0.378,1.0991,NA,NA,NA,NA,4.274,16,2520,2.4108,-0.1164,2.0781,-0.121,3.2775,409.883,449.6669,481.6501,42,N. America
United States,Yes,84006566,535.6319,Female,10,Yes,Yes,Yes,7,5,Strongly agree,Disagree,Strongly agree,Strongly agree,0.5175,-0.2882,-1.1407,-0.2495,NA,NA,NA,NA,0.9292,14,1800,0.2374,-1.4644,-2.4476,-2.108,-0.0663,499.4486,547.4054,548.605,30,N. America
United States,Yes,84002783,614.4212,Female,10,Yes,Yes,Yes,3,1,Agree,Disagree,Strongly agree,Strongly agree,0.4484,-0.2882,-0.3381,-0.889,NA,NA,NA,NA,0.8911,12,1800,-0.6792,1.4475,1.0322,0.8494,1.2208,668.3251,715.7171,748.8652,30,N. America
United States,Yes,84004856,623.7531,Female,10,Yes,Yes,Yes,10,10,Strongly agree,Agree,Disagree,Disagree,0.5209,-0.2882,-0.9585,1.0991,NA,NA,NA,NA,-0.1431,12,1785,-0.4903,-0.1164,0.4505,-0.121,0.3155,353.3393,426.614,409.349,30,N. America
United States,Yes,84000741,533.5135,Female,11,Yes,Yes,Yes,5,7,Strongly agree,Agree,Strongly agree,Strongly agree,1.6092,-0.847,0.2947,1.0991,NA,NA,NA,NA,0.9926,14,1800,0.6698,-2.1709,-1.0299,-0.5678,1.236,494.3028,522.9263,571.8917,30,N. America
United States,Yes,84004327,1603.934,Male,10,Yes,Yes,Yes,16,10,Strongly agree,Disagree,Strongly agree,Strongly agree,-0.6871,-0.8088,2.5915,0.2493,NA,NA,NA,NA,1.5332,16,2475,1.1002,-1.733,1.4332,-0.4201,-1.0524,421.1676,375.71250000000003,350.1451,41,N. America
United States,Yes,84002737,644.214,Male,10,Yes,No,Yes,5,5,NA,Agree,Strongly agree,Disagree,-0.0374,-0.0077,-0.1862,-0.8804,NA,NA,NA,NA,-0.2414,16,2250,0.4146,0.4326,-1.315,0.5703,0.3277,533.6355,472.3744,514.6696,38,N. America
United States,Yes,84009741,548.5424,Female,10,Yes,Yes,Yes,2,2,Strongly agree,Agree,Agree,Agree,0.5209,0.9675,-0.376,0.5658,NA,NA,NA,NA,0.111,14,1350,-0.008,-0.2651,0.2564,0.3016,-0.3855,527.5867000000001,604.3659,612.7416000000001,22,N. America
United States,Yes,84010870,559.1816,Male,10,Yes,Yes,Yes,7,7,Strongly agree,Disagree,Strongly agree,Strongly agree,-0.6534,-1.4719,0.7333,0.3838,NA,NA,NA,NA,-0.816,14,1440,-0.3711,-1.0718,0.4505,-0.121,0.9523,482.281,508.5124,524.8393,24,N. America
United States,Yes,84008478,644.214,Male,10,Yes,Yes,Yes,9,9,Strongly agree,Agree,Strongly agree,Strongly agree,0.1935,1.4116,0.4597,1.0991,NA,NA,NA,NA,0.9154,16,2025,1.1332,0.5088,2.0781,0.2942,0.3155,537.682,531.5608,574.7181,34,N. America
United States,Yes,84010266,499.851,Male,10,Yes,Yes,Yes,8,8,Strongly agree,Agree,Agree,Strongly agree,-0.9024,-0.2882,0.3171,1.0991,NA,NA,NA,NA,1.6227,16,2000,1.7654,0.9209,0.4573,0.7399,1.5042,581.6229,602.5269,629.1803,33,N. America
United States,Yes,84004635,662.3813,Male,10,Yes,Yes,Yes,3,2,Strongly agree,Agree,Strongly agree,Agree,0.8459,0.0407,-0.5753,0.3838,NA,NA,NA,NA,1.4847,12,NA,0.8389,NA,-0.0057,NA,0.3155,428.1857,414.17719999999997,451.823,NA,N. America
United States,Yes,84010979,770.1005,Male,10,Yes,No,Yes,4,5,Agree,Agree,Strongly agree,Strongly agree,1.5125,-0.2882,0.2067,-1.5692,NA,NA,NA,NA,0.0173,9,1750,-1.1797,0.9209,0.1354,0.6801,0.6997,517.8214,560.9725,584.1611,29,N. America
United States,Yes,84001385,1118.951,Male,10,Yes,NA,Yes,NA,NA,Agree,Agree,Agree,Disagree,-1.3753,-0.8946,-0.3381,-1.3869,NA,NA,NA,NA,0.0018,14,NA,-0.1185,NA,NA,NA,NA,456.7311,468.5121,545.3333,NA,N. America
United States,Yes,84009659,991.905,Male,9,No,No,No,1,1,Strongly agree,Strongly agree,Strongly agree,Strongly agree,-2.505,2.2879,-3.1297,1.0991,NA,NA,NA,NA,-2.6019,12,300,-1.9594,1.4475,0.4505,3.1829,-3.7565,326.1375,317.28770000000003,344.93489999999997,5,N. America
United States,Yes,84008355,708.4036,Male,10,Yes,Yes,Yes,2,NA,Strongly agree,Strongly agree,Strongly agree,Agree,-1.1801,1.164,-0.0621,1.0991,NA,NA,NA,NA,1.2515,12,1600,0.3779,NA,NA,NA,0.9049,573.9366,566.0446999999999,593.7481,27,N. America
United States,Yes,84000597,624.2267,Female,11,Yes,Yes,Yes,3,NA,Strongly agree,Disagree,Agree,Agree,0.8425,-0.2882,0.0248,1.0991,NA,NA,NA,NA,0.2137,16,1625,0.7394,0.7896,0.4505,0.9452,3.2775,494.27070000000003,511.3304,507.2177,27,N. America
United States,Yes,84004043,564.426,Female,10,Yes,No,No,4,4,Strongly agree,Agree,Agree,Agree,1.3578,0.0407,0.412,1.0991,NA,NA,NA,NA,-1.4101,3,660,-2.9418,-0.4496,-0.6102,-0.0445,-0.4074,413.1094,415.9741,413.3753,11,N. America
United States,Yes,84008535,450.5708,Female,10,Yes,No,Yes,1,NA,Strongly agree,Agree,Strongly disagree,Strongly agree,1.8135,-0.2882,-0.1985,-0.2495,NA,NA,NA,NA,-0.0791,9,240,-1.3274,-0.2618,0.7107,-0.0778,0.3155,357.3218,388.3218,390.5474,4,N. America
United States,Yes,84003632,740.1365,Female,11,Yes,Yes,Yes,1,NA,Strongly agree,Agree,Strongly agree,Strongly agree,0.5209,0.5759,-0.2588,1.0991,NA,NA,NA,NA,0.4128,16,NA,-0.0389,1.4475,0.3211,1.0675,2.3763,461.6117,483.9653,437.6233,NA,N. America
United States,Yes,84007648,646.3387,Female,9,Yes,Yes,Yes,2,1,Strongly agree,Disagree,Agree,Agree,-0.5306,-0.2882,0.6642,1.0991,NA,NA,NA,NA,0.6909,12,1800,-0.803,NA,NA,NA,NA,363.20230000000004,381.5281,433.842,30,N. America
United States,Yes,84004565,702.6839,Female,10,Yes,Yes,Yes,11,12,Strongly agree,Disagree,Strongly agree,Strongly agree,0.0031,-0.618,-1.5735,0.1018,NA,NA,NA,NA,1.1049,14,2695,1.1453,0.6375,0.8634,0.4149,1.8799,542.7534,623.4187000000001,609.6656,45,N. America
United States,Yes,84000824,565.1171,Male,10,No,No,Yes,6,7,Agree,Agree,Strongly agree,Agree,0.7964,0.4252,0.514,-0.0436,NA,NA,NA,NA,0.3852,12,1500,-0.2952,1.4475,1.4501,-0.2238,0.2936,384.3952,399.96659999999997,454.15930000000003,25,N. America
United States,Yes,84003071,758.8029,Female,10,Yes,Yes,Yes,30,30,Strongly agree,Agree,Strongly agree,Strongly agree,0.2122,-1.2786,-1.044,1.0991,NA,NA,NA,NA,3.3745,16,NA,2.0604,0.8213,2.0781,1.9311,3.2775,409.939,427.6611,415.4954,NA,N. America
United States,Yes,84005603,637.5507,Female,10,No,No,No,0,2,Agree,Disagree,Strongly agree,Strongly agree,-0.1433,-1.198,-0.0621,-0.889,NA,NA,NA,NA,-1.4731,6,2025,-2.2398,-0.9096,-0.6102,-0.5776,-0.5589,519.1615,491.7684,488.2889,34,N. America
United States,Yes,84006785,537.8936,Male,10,Yes,Yes,Yes,5,5,Strongly agree,Agree,Agree,Agree,-0.1709,0.395,-0.2387,1.0991,NA,NA,NA,NA,1.0619,16,1800,1.0362,0.3719,0.9505,0.2537,-0.4274,419.34569999999997,450.7019,450.6057,30,N. America
United States,Yes,84008188,1073.476,Female,10,Yes,Yes,Yes,5,1,Strongly agree,Strongly agree,Strongly agree,Strongly agree,-0.4305,-0.3352,1.5611,0.0264,NA,NA,NA,NA,0.8262,16,1540,1.4781,-1.5887,-0.0828,-0.2331,-0.7324,524.2916,575.989,538.1116,26,N. America
United States,Yes,84009121,489.7409,Female,9,No,Yes,Yes,0,9,Strongly agree,Disagree,Strongly agree,Strongly agree,0.5769,1.3264,-0.8248,1.0991,NA,NA,NA,NA,-1.5324,16,1800,-1.0229,-0.6536,0.8634,-0.0457,0.9539,395.47929999999997,415.2017,376.6569,30,N. America
United States,Yes,84004554,699.8479,Female,10,Yes,Yes,Yes,5,3,Strongly agree,Strongly agree,Strongly agree,Strongly agree,-1.464,2.2879,2.5915,0.2302,NA,NA,NA,NA,0.0916,14,NA,0.7642,1.4475,2.0781,2.1533,0.3155,473.2713,484.9934,450.5967,NA,N. America
United States,Yes,84001019,502.6015,Male,10,Yes,No,Yes,1,1,Strongly agree,Disagree,Strongly agree,Agree,-0.8455,-1.2109,-0.3381,0.1018,NA,NA,NA,NA,0.0126,12,810,-0.3378,0.3574,-0.2928,0.2563,0.3155,478.8759,498.1449,530.714,14,N. America
United States,Yes,84010748,695.6388,Female,11,Yes,Yes,Yes,3,2,Strongly agree,Agree,Strongly agree,Agree,0.4939,0.9455,0.7555,1.0991,NA,NA,NA,NA,1.4521,12,1575,0.1629,NA,NA,NA,0.3277,477.8713,527.5895,530.4248,26,N. America
United States,Yes,84000638,701.6437,Female,10,Yes,Yes,Yes,2,8,Strongly agree,Disagree,Strongly agree,Strongly agree,0.1343,1.164,-0.983,-0.2495,NA,NA,NA,NA,1.649,14,1700,0.9163,0.8213,0.7888,0.9259,0.1495,544.6998,617.0101999999999,572.5099,28,N. America
United States,Yes,84001540,636.0884,Male,10,Yes,No,Yes,5,5,Strongly agree,Strongly agree,Agree,Agree,0.0647,-0.7876,0.2947,-0.7498,NA,NA,NA,NA,1.364,16,1650,0.859,0.1582,-0.6102,0.2184,0.0926,453.0978,458.0192,453.4402,28,N. America
United States,Yes,84007350,465.5407,Female,10,No,Yes,Yes,3,3,Strongly agree,Disagree,Agree,Disagree,0.3265,-1.2109,0.1802,-0.2495,NA,NA,NA,NA,0.2297,9,1980,-1.3677,1.4475,-2.4476,0.5841,0.3155,381.5757,419.2933,408.37080000000003,33,N. America
United States,Yes,84007216,498.3776,Male,10,Yes,Yes,Yes,16,20,Agree,Agree,Agree,Disagree,-0.2067,-0.2882,-0.3701,-0.4263,NA,NA,NA,NA,1.1731,12,2000,0.2166,-0.4082,-0.6849,0.0646,-0.0933,363.213,489.5694,475.6525,33,N. America
United States,Yes,84005306,675.9845,Female,10,Yes,Yes,Yes,13,15,Strongly agree,Strongly agree,Strongly agree,Agree,1.2918,-0.2882,1.5043,1.0991,NA,NA,NA,NA,-0.2091,14,NA,-0.0773,0.2725,2.0781,2.3653,0.3155,352.72360000000003,381.6157,378.9018,NA,N. America
United States,Yes,84010552,535.6319,Female,11,Yes,No,Yes,5,8,Strongly agree,Disagree,Agree,Agree,1.0461,-0.2882,-1.2792,0.1711,NA,NA,NA,NA,0.0349,16,1800,0.0233,-0.2618,-0.0718,0.2082,-1.0524,458.50419999999997,503.5385,551.8525,30,N. America
United States,Yes,84001056,407.7046,Female,10,Yes,Yes,Yes,4,2,Strongly agree,Agree,Strongly agree,Agree,0.7721,1.164,-1.1247,0.3838,NA,NA,NA,NA,1.0448,16,1750,1.2648,0.3719,0.7282,0.4535,1.1704,585.931,664.1715,645.3368,29,N. America
United States,Yes,84000952,652.7259,Female,10,Yes,No,Yes,21,6,Disagree,Strongly disagree,Strongly agree,Agree,0.5209,-1.0917,-0.5152,-1.6532,NA,NA,NA,NA,-0.0489,16,NA,0.5251,-0.2618,-1.315,0.723,0.4325,487,529.3395,561.3885,NA,N. America
United States,Yes,84000442,550.3598,Female,10,Yes,Yes,Yes,14,9,Strongly agree,Strongly agree,Strongly agree,Strongly agree,-2.505,2.2879,2.5915,1.0991,NA,NA,NA,NA,0.8448,16,NA,0.8471,1.4475,2.0781,0.416,-0.2499,445.9754,434.6855,444.2794,NA,N. America
United States,Yes,84008772,674.2598,Male,10,Yes,Yes,Yes,3,NA,Strongly agree,Strongly agree,Strongly agree,Strongly agree,-0.0908,-0.2882,2.5915,1.0991,NA,NA,NA,NA,0.677,16,1900,0.7334,NA,NA,NA,0.3155,412.0081,376.4595,414.1887,32,N. America
United States,Yes,84006704,704.448,Male,9,No,No,No,NA,30,Agree,Agree,Agree,Disagree,-0.2039,-1.1533,-0.7985,-1.5692,NA,NA,NA,NA,-1.9769,14,2475,-1.537,1.4475,-0.9558,1.422,0.7109,338.1829,277.2783,324.47159999999997,41,N. America
United States,Yes,84004155,540.6723,Male,9,Yes,Yes,Yes,NA,NA,Strongly agree,Strongly agree,Agree,Agree,-0.2479,-0.9124,-1.7916,-0.2495,NA,NA,NA,NA,0.8646,9,NA,-1.1647,NA,NA,NA,NA,322.2749,285.6296,299.4867,NA,N. America
United States,Yes,84007004,823.2156,Female,10,Yes,No,Yes,7,8,Strongly agree,Agree,Strongly agree,Disagree,-0.0208,-0.3352,0.7246,0.1018,NA,NA,NA,NA,0.479,12,2200,-0.1713,0.4124,2.0781,0.9161,0.1278,514.5835,592.2688,552.5766,37,N. America
United States,Yes,84003019,550.9441,Male,9,Yes,No,Yes,2,5,Strongly agree,Disagree,Disagree,Disagree,1.0461,0.9455,-0.9909,-0.2495,NA,NA,NA,NA,1.9031,14,2100,0.6739,NA,NA,NA,-0.1982,387.76030000000003,417.3823,420.4647,35,N. America
United States,Yes,84006126,940.7051,Female,10,Yes,Yes,Yes,5,4,Strongly agree,Agree,Agree,Agree,-0.235,-0.2882,0.6642,1.0991,NA,NA,NA,NA,0.5496,16,1800,1.0591,1.4475,1.2171,3.1093,-0.7377,361.84839999999997,439.4175,402.9599,30,N. America
United States,Yes,84008036,771.8754,Male,11,Yes,No,Yes,3,4,Agree,Disagree,Agree,Disagree,-0.5306,-0.2882,-0.4725,-0.889,NA,NA,NA,NA,-0.4114,14,1925,-0.6835,0.9133,-0.2019,-0.5298,-0.2384,515.0285,526.3279,555.6551000000001,32,N. America
United States,Yes,84002910,872.9609,Female,10,Yes,No,Yes,4,4,Strongly agree,Strongly agree,Strongly agree,Agree,-0.2154,-0.2882,-0.3627,-0.2495,NA,NA,NA,NA,0.5003,12,1600,0.1111,0.0015,-0.2928,-0.6599,-0.5801,470.1055,439.505,446.5628,27,N. America
United States,Yes,84006059,771.8754,Male,10,No,No,No,5,5,Agree,Strongly disagree,Strongly agree,Agree,0.7616,-0.4374,-0.3381,-0.889,NA,NA,NA,NA,-0.8805,16,1500,-0.2957,-0.3225,0.4505,-0.1665,0.1281,375.5955,408.9678,384.9512,25,N. America
United States,Yes,84003289,1171.942,Female,10,No,No,Yes,1,0,Strongly agree,Disagree,Strongly agree,Disagree,0.2662,-0.2882,-1.1407,0.1018,NA,NA,NA,NA,0.2148,14,1625,-0.4919,0.0322,0.4505,0.5642,0.0855,462.9883,427.7744,482.8668,27,N. America
United States,Yes,84000630,569.9708,Male,10,Yes,No,Yes,1,1,Strongly agree,Agree,Strongly agree,Agree,-0.6871,-0.2882,0.0248,1.0991,NA,NA,NA,NA,0.2937,12,3000,-0.3205,-1.0718,-0.0804,0.4311,3.2775,614.9244,624.9798,659.1385,50,N. America
United States,Yes,84000623,489.1822,Female,11,Yes,Yes,Yes,5,5,Agree,Agree,Agree,Agree,-0.2067,-0.7876,0.3171,-0.889,NA,NA,NA,NA,-0.1573,12,2100,-0.5317,0.9209,-0.3693,-0.2367,0.1514,431.1928,426.2426,432.719,35,N. America
United States,Yes,84008616,532.8423,Female,10,Yes,Yes,Yes,1,3,Agree,Disagree,Strongly agree,Strongly agree,1.8135,1.4116,-0.4725,-0.889,NA,NA,NA,NA,-0.0638,16,2160,0.5071,-1.9635,-0.4357,-1.3123,-1.7679,484.365,552.7939,527.529,36,N. America
United States,Yes,84000396,517.2699,Male,10,Yes,Yes,Yes,NA,NA,Agree,Agree,Strongly agree,Agree,-0.4331,-1.0775,-0.6335,-1.8857,NA,NA,NA,NA,1.2487,12,NA,-0.4322,0.9133,0.4587,0.1661,3.2775,472.5593,525.9528,521.6388000000001,NA,N. America
United States,Yes,84000090,644.264,Male,10,No,No,Yes,2,2,Agree,Agree,Agree,NA,0.3813,-1.4719,-1.1467,-1.5266,NA,NA,NA,NA,-0.4919,12,NA,-0.8476,0.5731,0.314,0.7414,-1.0524,295.0191,276.2799,354.5628,NA,N. America
United States,Yes,84005316,666.7976,Male,11,Yes,No,Yes,20,11,Strongly agree,Disagree,Agree,Agree,0.6999,2.2879,1.5611,0.1018,NA,NA,NA,NA,-0.6286,12,2200,-0.9066,0.9209,0.6556,0.54990000000000006,1.4958,458.9757,498.23040000000003,494.6904,37,N. America
United States,Yes,84000053,511.319,Female,10,Yes,Yes,Yes,5,5,Strongly agree,Agree,Agree,Strongly agree,1.0496,-1.8363,-0.969,-1.2588,NA,NA,NA,NA,-0.6681,12,2000,-1.1951,-1.3072,-0.2213,-0.2795,0.3155,422.3161,408.9499,428.7149,33,N. America
United States,Yes,84005475,589.7633,Male,11,No,Yes,Yes,6,6,Strongly agree,Strongly agree,Strongly agree,Strongly agree,1.0016,0.4252,1.1245,1.0991,NA,NA,NA,NA,-0.4056,12,1650,-1.325,1.4475,1.0203,0.8824,0.3155,359.3585,348.6548,353.0315,28,N. America
